-- phpMyAdmin SQL Dump
-- version 5.2.1
-- https://www.phpmyadmin.net/
--
-- Servidor: localhost:3307
-- Tiempo de generación: 20-04-2024 a las 19:05:10
-- Versión del servidor: 10.4.32-MariaDB
-- Versión de PHP: 8.2.12

SET SQL_MODE = "NO_AUTO_VALUE_ON_ZERO";
START TRANSACTION;
SET time_zone = "+00:00";


/*!40101 SET @OLD_CHARACTER_SET_CLIENT=@@CHARACTER_SET_CLIENT */;
/*!40101 SET @OLD_CHARACTER_SET_RESULTS=@@CHARACTER_SET_RESULTS */;
/*!40101 SET @OLD_COLLATION_CONNECTION=@@COLLATION_CONNECTION */;
/*!40101 SET NAMES utf8mb4 */;

--
-- Base de datos: `ventacomputadoras`
--

-- --------------------------------------------------------

--
-- Estructura de tabla para la tabla `dim_cliente`
--

CREATE TABLE `dim_cliente` (
  `cliente_id` int(11) NOT NULL,
  `nombre_cliente` varchar(100) DEFAULT NULL,
  `direccion` varchar(255) DEFAULT NULL,
  `telefono` varchar(20) DEFAULT NULL,
  `edad` int(11) DEFAULT NULL,
  `genero` varchar(10) DEFAULT NULL,
  `nacionalidad` varchar(50) DEFAULT NULL
) ENGINE=InnoDB DEFAULT CHARSET=utf8mb4 COLLATE=utf8mb4_general_ci;

--
-- Volcado de datos para la tabla `dim_cliente`
--

INSERT INTO `dim_cliente` (`cliente_id`, `nombre_cliente`, `direccion`, `telefono`, `edad`, `genero`, `nacionalidad`) VALUES
(1, 'Juan Perez Garcia', 'Calle Principal 123', '555-1234', 35, 'Masculino', 'Mexicana'),
(2, 'Maria Rodriguez Gomez', 'Avenida Central 456', '555-5678', 28, 'Femenino', 'Española'),
(3, 'Pedro Sanchez Lopez', 'Plaza Mayor 789', '555-9012', 42, 'Masculino', 'Argentina'),
(4, 'Ana Martínez Fernandez', 'Calle Secundaria 321', '555-3456', 31, 'Femenino', 'Colombiana'),
(5, 'Carlos Lopez Hernandez', 'Calle del Sol 654', '555-7890', 40, 'Masculino', 'Mexicana'),
(6, 'Laura Gonzalez Martinez', 'Avenida del Parque 987', '555-1234', 25, 'Femenino', 'Española'),
(7, 'Javier Ramirez Diaz', 'Calle del Rio 321', '555-5678', 37, 'Masculino', 'Argentina'),
(8, 'Luisa Fernandez Perez', 'Paseo Maritimo 555', '555-9012', 29, 'Femenino', 'Colombiana'),
(9, 'Mario Gomez Rodriguez', 'Calle del Bosque 789', '555-3456', 33, 'Masculino', 'Mexicana'),
(10, 'Elena Hernandez Sanchez', 'Avenida del Campo 111', '555-6789', 27, 'Femenino', 'Española'),
(11, 'Roberto Martinez Gonzalez', 'Calle de la Luna 222', '555-2345', 39, 'Masculino', 'Argentina'),
(12, 'Sofia Diaz Ramirez', 'Avenida de la Montaña 333', '555-6789', 32, 'Femenino', 'Colombiana'),
(13, 'Daniel Perez Gomez', 'Calle del Mar 444', '555-0123', 36, 'Masculino', 'Mexicana'),
(14, 'Isabel Sanchez Fernandez', 'Avenida del Sol 555', '555-4567', 30, 'Femenino', 'Española'),
(15, 'Manuel Gonzalez Lopez', 'Calle de la Playa 666', '555-8901', 41, 'Masculino', 'Argentina'),
(16, 'Ana Maria Rodriguez Perez', 'Avenida del Río 777', '555-2345', 26, 'Femenino', 'Colombiana'),
(17, 'Miguel Hernandez Gomez', 'Calle de la Montaña 888', '555-6789', 38, 'Masculino', 'Mexicana'),
(18, 'Carmen Martinez Sanchez', 'Paseo del Campo 999', '555-0123', 31, 'Femenino', 'Española'),
(19, 'Alejandro Diaz Gonzalez', 'Calle de la Rosa 1010', '555-4567', 34, 'Masculino', 'Argentina'),
(20, 'Marina Perez Hernandez', 'Avenida del Mar 1111', '555-8901', 28, 'Femenino', 'Colombiana'),
(21, 'Diego Sanchez Gomez', 'Calle del Puente 1212', '555-2345', 42, 'Masculino', 'Mexicana'),
(22, 'Lucia Fernandez Martinez', 'Avenida del Jardin 1313', '555-6789', 29, 'Femenino', 'Española'),
(23, 'Ricardo Gonzalez Diaz', 'Calle de la Cascada 1414', '555-0123', 43, 'Masculino', 'Argentina'),
(24, 'Julia Hernandez Perez', 'Paseo del Bosque 1515', '555-4567', 30, 'Femenino', 'Colombiana'),
(25, 'Hector Martinez Rodriguez', 'Avenida del Cielo 1616', '555-8901', 44, 'Masculino', 'Mexicana'),
(26, 'Natalia Diaz Fernandez', 'Calle del Arcoiris 1717', '555-2345', 31, 'Femenino', 'Española'),
(27, 'Francisco Perez Gomez', 'Avenida del Lago 1818', '555-6789', 45, 'Masculino', 'Argentina'),
(28, 'Raquel Sanchez Martinez', 'Calle de la Nube 1919', '555-0123', 32, 'Femenino', 'Colombiana'),
(29, 'Pablo Gonzalez Hernandez', 'Paseo del Sol 2020', '555-4567', 46, 'Masculino', 'Mexicana'),
(30, 'Cristina Hernandez Diaz', 'Avenida del Trueno 2121', '555-8901', 33, 'Femenino', 'Española'),
(31, 'Raul Martinez Sanchez', 'Calle de la Tormenta 2222', '555-2345', 47, 'Masculino', 'Argentina'),
(32, 'Marta Fernandez Perez', 'Avenida de la Niebla 2323', '555-6789', 34, 'Femenino', 'Colombiana'),
(33, 'Jose Diaz Gonzalez', 'Calle de la Estrella 2424', '555-0123', 48, 'Masculino', 'Mexicana'),
(34, 'Eva Perez Hernandez', 'Paseo de la Luna 2525', '555-4567', 35, 'Femenino', 'Española'),
(35, 'Alberto Gomez Rodriguez', 'Avenida del Sol 2626', '555-8901', 49, 'Masculino', 'Argentina'),
(36, 'Sara Hernandez Martinez', 'Calle de la Playa 2727', '555-2345', 36, 'Femenino', 'Colombiana'),
(37, 'Jorge Martinez Diaz', 'Avenida del Río 2828', '555-6789', 50, 'Masculino', 'Mexicana'),
(38, 'Lorena Rodriguez Gomez', 'Calle de la Montaña 2929', '555-0123', 37, 'Femenino', 'Española'),
(39, 'Fernando Gomez Sanchez', 'Paseo del Campo 3030', '555-4567', 51, 'Masculino', 'Argentina'),
(40, 'Nerea Sanchez Fernandez', 'Avenida del Mar 3131', '555-8901', 38, 'Femenino', 'Colombiana'),
(41, 'Joaquin Fernandez Perez', 'Calle del Puente 3232', '555-2345', 52, 'Masculino', 'Mexicana'),
(42, 'Ainhoa Perez Hernandez', 'Avenida del Jardín 3333', '555-6789', 39, 'Femenino', 'Española'),
(43, 'Sergio Gonzalez Martinez', 'Calle de la Cascada 3434', '555-0123', 53, 'Masculino', 'Mexicana'),
(44, 'Elena Diaz Sanchez', 'Paseo del Bosque 3535', '555-4567', 40, 'Femenino', 'Española'),
(45, 'Gabriel Martinez Gonzalez', 'Avenida del Cielo 3636', '555-8901', 54, 'Masculino', 'Argentina'),
(46, 'Marina Fernandez Diaz', 'Calle del Arcoiris 3737', '555-2345', 41, 'Femenino', 'Colombiana'),
(47, 'Alejandro Perez Gomez', 'Avenida del Lago 3838', '555-6789', 55, 'Masculino', 'Mexicana'),
(48, 'Nuria Sanchez Martinez', 'Calle de la Nube 3939', '555-0123', 42, 'Femenino', 'Española'),
(49, 'Javier Gomez Diaz', 'Paseo del Sol 4040', '555-4567', 56, 'Masculino', 'Argentina'),
(50, 'Ana Fernandez Lopez', 'Avenida del Trueno 4141', '555-8901', 43, 'Femenino', 'Colombiana');

-- --------------------------------------------------------

--
-- Estructura de tabla para la tabla `dim_fecha`
--

CREATE TABLE `dim_fecha` (
  `fecha_id` int(11) NOT NULL,
  `fecha` date DEFAULT NULL,
  `dia` int(11) DEFAULT NULL,
  `mes` int(11) DEFAULT NULL,
  `año` int(11) DEFAULT NULL,
  `trimestre` int(11) DEFAULT NULL
) ENGINE=InnoDB DEFAULT CHARSET=utf8mb4 COLLATE=utf8mb4_general_ci;

--
-- Volcado de datos para la tabla `dim_fecha`
--

INSERT INTO `dim_fecha` (`fecha_id`, `fecha`, `dia`, `mes`, `año`, `trimestre`) VALUES
(1, '2024-03-20', 20, 3, 2024, 1),
(2, '2024-01-15', 15, 1, 2024, 1),
(3, '2024-02-29', 29, 2, 2024, 1),
(4, '2024-04-10', 10, 4, 2024, 2),
(5, '2024-01-01', 1, 1, 2024, 1),
(6, '2024-03-05', 5, 3, 2024, 1),
(7, '2024-04-30', 30, 4, 2024, 2),
(8, '2024-02-01', 1, 2, 2024, 1),
(9, '2024-01-30', 30, 1, 2024, 1),
(10, '2024-02-10', 10, 2, 2024, 1),
(11, '2024-03-16', 16, 3, 2024, 1),
(12, '2024-04-02', 2, 4, 2024, 2),
(13, '2024-01-07', 7, 1, 2024, 1),
(14, '2024-04-15', 15, 4, 2024, 2),
(15, '2024-02-22', 22, 2, 2024, 1),
(16, '2024-04-25', 25, 4, 2024, 2),
(17, '2024-01-09', 9, 1, 2024, 1),
(18, '2024-03-02', 2, 3, 2024, 1),
(19, '2024-04-08', 8, 4, 2024, 2),
(20, '2024-02-18', 18, 2, 2024, 1),
(21, '2024-03-12', 12, 3, 2024, 1),
(22, '2024-04-01', 1, 4, 2024, 2),
(23, '2024-01-24', 24, 1, 2024, 1),
(24, '2024-04-18', 18, 4, 2024, 2),
(25, '2024-02-08', 8, 2, 2024, 1),
(26, '2024-03-28', 28, 3, 2024, 1),
(27, '2024-02-05', 5, 2, 2024, 1),
(28, '2024-04-14', 14, 4, 2024, 2),
(29, '2024-01-19', 19, 1, 2024, 1),
(30, '2024-03-01', 1, 3, 2024, 1),
(31, '2024-02-13', 13, 2, 2024, 1),
(32, '2024-03-22', 22, 3, 2024, 1),
(33, '2024-04-05', 5, 4, 2024, 2),
(34, '2024-01-28', 28, 1, 2024, 1),
(35, '2024-04-29', 29, 4, 2024, 2),
(36, '2024-02-03', 3, 2, 2024, 1),
(37, '2024-01-17', 17, 1, 2024, 1),
(38, '2024-03-10', 10, 3, 2024, 1),
(39, '2024-04-22', 22, 4, 2024, 2),
(40, '2024-02-27', 27, 2, 2024, 1),
(41, '2024-03-15', 15, 3, 2024, 1),
(42, '2024-01-22', 22, 1, 2024, 1),
(43, '2024-04-09', 9, 4, 2024, 2),
(44, '2024-02-20', 20, 2, 2024, 1),
(45, '2024-03-26', 26, 3, 2024, 1),
(46, '2024-04-17', 17, 4, 2024, 2),
(47, '2024-01-03', 3, 1, 2024, 1),
(48, '2024-02-24', 24, 2, 2024, 1),
(49, '2024-04-27', 27, 4, 2024, 2),
(50, '2024-01-10', 10, 1, 2024, 1),
(51, '2024-03-19', 19, 3, 2024, 1),
(52, '2024-04-06', 6, 4, 2024, 2),
(53, '2024-01-31', 31, 1, 2024, 1),
(54, '2024-02-15', 15, 2, 2024, 1),
(55, '2024-04-24', 24, 4, 2024, 2),
(56, '2024-03-03', 3, 3, 2024, 1),
(57, '2024-04-11', 11, 4, 2024, 2),
(58, '2024-01-06', 6, 1, 2024, 1),
(59, '2024-02-09', 9, 2, 2024, 1),
(60, '2024-04-01', 1, 4, 2024, 2),
(61, '2024-02-12', 12, 2, 2024, 1),
(62, '2024-03-29', 29, 3, 2024, 1),
(63, '2024-01-13', 13, 1, 2024, 1),
(64, '2024-04-12', 12, 4, 2024, 2),
(65, '2024-01-27', 27, 1, 2024, 1),
(66, '2024-03-07', 7, 3, 2024, 1),
(67, '2024-04-02', 2, 4, 2024, 2),
(68, '2024-01-21', 21, 1, 2024, 1),
(69, '2024-03-17', 17, 3, 2024, 1),
(70, '2024-04-18', 18, 4, 2024, 2),
(71, '2024-01-05', 5, 1, 2024, 1),
(72, '2024-02-23', 23, 2, 2024, 1),
(73, '2024-04-25', 25, 4, 2024, 2),
(74, '2024-01-14', 14, 1, 2024, 1),
(75, '2024-03-06', 6, 3, 2024, 1),
(76, '2024-04-05', 5, 4, 2024, 2),
(77, '2024-01-23', 23, 1, 2024, 1),
(78, '2024-03-01', 1, 3, 2024, 1),
(79, '2024-04-19', 19, 4, 2024, 2),
(80, '2024-01-04', 4, 1, 2024, 1),
(81, '2024-02-17', 17, 2, 2024, 1),
(82, '2024-03-11', 11, 3, 2024, 1),
(83, '2024-04-10', 10, 4, 2024, 2),
(84, '2024-01-09', 9, 1, 2024, 1),
(85, '2024-03-24', 24, 3, 2024, 1),
(86, '2024-04-21', 21, 4, 2024, 2),
(87, '2024-01-11', 11, 1, 2024, 1),
(88, '2024-02-29', 29, 2, 2024, 1),
(89, '2024-04-28', 28, 4, 2024, 2),
(90, '2024-01-16', 16, 1, 2024, 1),
(91, '2024-02-06', 6, 2, 2024, 1),
(92, '2024-03-21', 21, 3, 2024, 1),
(93, '2024-04-15', 15, 4, 2024, 2),
(94, '2024-01-07', 7, 1, 2024, 1),
(95, '2024-03-30', 30, 3, 2024, 1),
(96, '2024-04-26', 26, 4, 2024, 2),
(97, '2024-01-25', 25, 1, 2024, 1),
(98, '2024-02-14', 14, 2, 2024, 1),
(99, '2024-03-08', 8, 3, 2024, 1),
(100, '2024-04-03', 3, 4, 2024, 2),
(101, '2024-01-08', 8, 1, 2024, 1),
(102, '2024-02-26', 26, 2, 2024, 1),
(103, '2024-03-23', 23, 3, 2024, 1),
(104, '2024-04-16', 16, 4, 2024, 2),
(105, '2024-01-18', 18, 1, 2024, 1),
(106, '2024-02-11', 11, 2, 2024, 1),
(107, '2024-03-04', 4, 3, 2024, 1),
(108, '2024-04-13', 13, 4, 2024, 2),
(109, '2024-01-26', 26, 1, 2024, 1),
(110, '2024-02-21', 21, 2, 2024, 1),
(111, '2024-03-18', 18, 3, 2024, 1),
(112, '2024-04-11', 11, 4, 2024, 2),
(113, '2024-01-02', 2, 1, 2024, 1),
(114, '2024-02-19', 19, 2, 2024, 1),
(115, '2024-03-12', 12, 3, 2024, 1),
(116, '2024-04-05', 5, 4, 2024, 2),
(117, '2024-01-29', 29, 1, 2024, 1),
(118, '2024-02-16', 16, 2, 2024, 1),
(119, '2024-03-09', 9, 3, 2024, 1),
(120, '2024-04-02', 2, 4, 2024, 2),
(121, '2024-01-20', 20, 1, 2024, 1),
(122, '2024-02-10', 10, 2, 2024, 1),
(123, '2024-03-02', 2, 3, 2024, 1),
(124, '2024-04-01', 1, 4, 2024, 2),
(125, '2024-01-12', 12, 1, 2024, 1),
(126, '2024-02-28', 28, 2, 2024, 1),
(127, '2024-03-20', 20, 3, 2024, 1),
(128, '2024-04-19', 19, 4, 2024, 2),
(129, '2024-01-01', 1, 1, 2024, 1),
(130, '2024-02-27', 27, 2, 2024, 1),
(131, '2024-03-25', 25, 3, 2024, 1),
(132, '2024-04-22', 22, 4, 2024, 2),
(133, '2024-01-13', 13, 1, 2024, 1),
(134, '2024-02-07', 7, 2, 2024, 1),
(135, '2024-03-03', 3, 3, 2024, 1),
(136, '2024-04-02', 2, 4, 2024, 2),
(137, '2024-01-14', 14, 1, 2024, 1),
(138, '2024-02-08', 8, 2, 2024, 1),
(139, '2024-03-04', 4, 3, 2024, 1),
(140, '2024-04-03', 3, 4, 2024, 2),
(141, '2024-01-26', 26, 1, 2024, 1),
(142, '2024-02-13', 13, 2, 2024, 1),
(143, '2024-03-07', 7, 3, 2024, 1),
(144, '2024-04-03', 3, 4, 2024, 2),
(145, '2024-01-18', 18, 1, 2024, 1),
(146, '2024-02-06', 6, 2, 2024, 1),
(147, '2024-03-02', 2, 3, 2024, 1),
(148, '2024-04-01', 1, 4, 2024, 2),
(149, '2024-01-28', 28, 1, 2024, 1),
(150, '2024-02-16', 16, 2, 2024, 1),
(151, '2024-03-10', 10, 3, 2024, 1),
(152, '2024-04-08', 8, 4, 2024, 2),
(153, '2024-01-30', 30, 1, 2024, 1),
(154, '2024-02-19', 19, 2, 2024, 1),
(155, '2024-03-14', 14, 3, 2024, 1),
(156, '2024-04-12', 12, 4, 2024, 2),
(157, '2024-01-31', 31, 1, 2024, 1),
(158, '2024-02-20', 20, 2, 2024, 1),
(159, '2024-03-15', 15, 3, 2024, 1),
(160, '2024-04-13', 13, 4, 2024, 2),
(161, '2024-01-20', 20, 1, 2024, 1),
(162, '2024-02-09', 9, 2, 2024, 1),
(163, '2024-03-04', 4, 3, 2024, 1),
(164, '2024-04-02', 2, 4, 2024, 2),
(165, '2024-01-27', 27, 1, 2024, 1),
(166, '2024-02-16', 16, 2, 2024, 1),
(167, '2024-03-12', 12, 3, 2024, 1),
(168, '2024-04-09', 9, 4, 2024, 2),
(169, '2024-01-26', 26, 1, 2024, 1),
(170, '2024-02-15', 15, 2, 2024, 1),
(171, '2024-03-10', 10, 3, 2024, 1),
(172, '2024-04-06', 6, 4, 2024, 2),
(173, '2024-01-23', 23, 1, 2024, 1),
(174, '2024-02-12', 12, 2, 2024, 1),
(175, '2024-03-06', 6, 3, 2024, 1),
(176, '2024-04-03', 3, 4, 2024, 2),
(177, '2024-01-30', 30, 1, 2024, 1),
(178, '2024-02-19', 19, 2, 2024, 1),
(179, '2024-03-15', 15, 3, 2024, 1),
(180, '2024-04-12', 12, 4, 2024, 2),
(181, '2024-01-20', 20, 1, 2024, 1),
(182, '2024-02-09', 9, 2, 2024, 1),
(183, '2024-03-04', 4, 3, 2024, 1),
(184, '2024-04-02', 2, 4, 2024, 2),
(185, '2024-01-27', 27, 1, 2024, 1),
(186, '2024-02-16', 16, 2, 2024, 1),
(187, '2024-03-12', 12, 3, 2024, 1),
(188, '2024-04-09', 9, 4, 2024, 2),
(189, '2024-01-26', 26, 1, 2024, 1),
(190, '2024-02-15', 15, 2, 2024, 1),
(191, '2024-03-10', 10, 3, 2024, 1),
(192, '2024-04-06', 6, 4, 2024, 2),
(193, '2024-01-23', 23, 1, 2024, 1),
(194, '2024-02-12', 12, 2, 2024, 1),
(195, '2024-03-06', 6, 3, 2024, 1),
(196, '2024-04-03', 3, 4, 2024, 2),
(197, '2024-01-30', 30, 1, 2024, 1),
(198, '2024-02-19', 19, 2, 2024, 1),
(199, '2024-03-15', 15, 3, 2024, 1),
(200, '2024-04-12', 12, 4, 2024, 2);

-- --------------------------------------------------------

--
-- Estructura de tabla para la tabla `dim_producto`
--

CREATE TABLE `dim_producto` (
  `producto_id` int(11) NOT NULL,
  `nombre_producto` varchar(100) DEFAULT NULL,
  `marca` varchar(50) DEFAULT NULL,
  `categoria` varchar(50) DEFAULT NULL,
  `pais_origen` varchar(50) DEFAULT NULL
) ENGINE=InnoDB DEFAULT CHARSET=utf8mb4 COLLATE=utf8mb4_general_ci;

--
-- Volcado de datos para la tabla `dim_producto`
--

INSERT INTO `dim_producto` (`producto_id`, `nombre_producto`, `marca`, `categoria`, `pais_origen`) VALUES
(1, 'Laptop XPS 13', 'Dell', 'Computadoras', 'Estados Unidos'),
(2, 'MacBook Pro 16', 'Apple', 'Computadoras', 'Estados Unidos'),
(3, 'Surface Laptop 4', 'Microsoft', 'Computadoras', 'Estados Unidos'),
(4, 'AirPods Pro', 'Apple', 'Audífonos', 'China'),
(5, 'WH-1000XM4', 'Sony', 'Audífonos', 'Japón'),
(6, 'QuietComfort 35 II', 'Bose', 'Audífonos', 'Estados Unidos'),
(7, 'iPhone 13 Pro', 'Apple', 'Teléfonos', 'China'),
(8, 'Galaxy S21 Ultra', 'Samsung', 'Teléfonos', 'Corea del Sur'),
(9, 'Pixel 6', 'Google', 'Teléfonos', 'Estados Unidos'),
(10, 'ThinkPad X1 Carbon', 'Lenovo', 'Computadoras', 'China'),
(11, 'Surface Pro 7', 'Microsoft', 'Computadoras', 'Estados Unidos'),
(12, 'ROG Zephyrus G14', 'Asus', 'Computadoras', 'Taiwán'),
(13, 'AirPods Max', 'Apple', 'Audífonos', 'China'),
(14, 'Bose Frames', 'Bose', 'Audífonos', 'Estados Unidos'),
(15, 'Galaxy Buds Pro', 'Samsung', 'Audífonos', 'Corea del Sur'),
(16, 'iPhone SE', 'Apple', 'Teléfonos', 'China'),
(17, 'Pixel 6 Pro', 'Google', 'Teléfonos', 'Estados Unidos'),
(18, 'OnePlus 9 Pro', 'OnePlus', 'Teléfonos', 'China'),
(19, 'Surface Go 2', 'Microsoft', 'Computadoras', 'Estados Unidos'),
(20, 'Mac Mini', 'Apple', 'Computadoras', 'Estados Unidos'),
(21, 'Chromebook Flip C434', 'Asus', 'Computadoras', 'Taiwán'),
(22, 'Sony WH-CH510', 'Sony', 'Audífonos', 'Japón'),
(23, 'Jabra Elite 85h', 'Jabra', 'Audífonos', 'Dinamarca'),
(24, 'Anker Soundcore Liberty Air', 'Anker', 'Audífonos', 'China'),
(25, 'Samsung Galaxy Note 20 Ultra', 'Samsung', 'Teléfonos', 'Corea del Sur'),
(26, 'Xiaomi Mi 11', 'Xiaomi', 'Teléfonos', 'China'),
(27, 'Motorola Edge+', 'Motorola', 'Teléfonos', 'Estados Unidos'),
(28, 'HP Spectre x360', 'HP', 'Computadoras', 'Estados Unidos'),
(29, 'Acer Predator Helios 300', 'Acer', 'Computadoras', 'Taiwán'),
(30, 'Dell XPS 15', 'Dell', 'Computadoras', 'Estados Unidos'),
(31, 'Sony WF-1000XM4', 'Sony', 'Audífonos', 'Japón'),
(32, 'Sennheiser Momentum 3 Wireless', 'Sennheiser', 'Audífonos', 'Alemania'),
(33, 'Beats Studio Buds', 'Beats', 'Audífonos', 'Estados Unidos'),
(34, 'Samsung Galaxy Z Fold 3', 'Samsung', 'Teléfonos', 'Corea del Sur'),
(35, 'OnePlus Nord 2', 'OnePlus', 'Teléfonos', 'China'),
(36, 'Google Pixel 6a', 'Google', 'Teléfonos', 'Estados Unidos'),
(37, 'Lenovo Legion 5', 'Lenovo', 'Computadoras', 'China'),
(38, 'Apple iPad Pro', 'Apple', 'Computadoras', 'Estados Unidos'),
(39, 'Microsoft Surface Book 3', 'Microsoft', 'Computadoras', 'Estados Unidos'),
(40, 'JBL Tune 750BTNC', 'JBL', 'Audífonos', 'Estados Unidos'),
(41, 'Razer Opus', 'Razer', 'Audífonos', 'Estados Unidos'),
(42, 'Audio-Technica ATH-M50x', 'Audio-Technica', 'Audífonos', 'Japón'),
(43, 'Xiaomi Mi 11 Ultra', 'Xiaomi', 'Teléfonos', 'China'),
(44, 'Samsung Galaxy S21', 'Samsung', 'Teléfonos', 'Corea del Sur'),
(45, 'OnePlus 9', 'OnePlus', 'Teléfonos', 'China'),
(46, 'Dell Inspiron 15', 'Dell', 'Computadoras', 'Estados Unidos'),
(47, 'Asus ZenBook Duo', 'Asus', 'Computadoras', 'Taiwán'),
(48, 'HP Envy x360', 'HP', 'Computadoras', 'Estados Unidos'),
(49, 'Sony WH-1000XM3', 'Sony', 'Audífonos', 'Japón'),
(50, 'Bose SoundLink Around-Ear II', 'Bose', 'Audífonos', 'Estados Unidos');

-- --------------------------------------------------------

--
-- Estructura de tabla para la tabla `dim_vendedor`
--

CREATE TABLE `dim_vendedor` (
  `vendedor_id` int(11) NOT NULL,
  `nombre_vendedor` varchar(100) DEFAULT NULL,
  `comision` decimal(10,2) DEFAULT NULL
) ENGINE=InnoDB DEFAULT CHARSET=utf8mb4 COLLATE=utf8mb4_general_ci;

--
-- Volcado de datos para la tabla `dim_vendedor`
--

INSERT INTO `dim_vendedor` (`vendedor_id`, `nombre_vendedor`, `comision`) VALUES
(1, 'Juan Perez Martinez', 150.00),
(2, 'Maria Garcia Lopez', 150.00),
(3, 'Pedro Rodriguez Fernandez', 150.00),
(4, 'Ana Diaz Gomez', 150.00),
(5, 'Luisa Fernandez Ramirez', 150.00),
(6, 'Jorge Martinez Sanchez', 150.00),
(7, 'Sofia Lopez Garcia', 150.00),
(8, 'Daniel Perez Rodriguez', 150.00),
(9, 'Carmen Gomez Perez', 150.00),
(10, 'Manuel Ramirez Lopez', 150.00),
(11, 'Ana Martinez Fernandez', 150.00),
(12, 'Carlos Sanchez Gomez', 150.00),
(13, 'Laura Perez Martinez', 150.00),
(14, 'Miguel Fernandez Diaz', 150.00),
(15, 'Elena Lopez Sanchez', 150.00),
(16, 'Pablo Rodriguez Gomez', 150.00),
(17, 'Lorena Gomez Fernandez', 150.00),
(18, 'Diego Sanchez Martinez', 150.00),
(19, 'Isabel Martinez Ramirez', 150.00),
(20, 'Andres Fernandez Lopez', 150.00),
(21, 'Paula Ramirez Gomez', 150.00),
(22, 'Antonio Lopez Perez', 150.00),
(23, 'Sara Gomez Rodriguez', 150.00),
(24, 'Fernando Perez Fernandez', 150.00),
(25, 'Clara Rodriguez Martinez', 150.00),
(26, 'Roberto Fernandez Sanchez', 150.00),
(27, 'Alba Martinez Gomez', 150.00),
(28, 'Javier Sanchez Lopez', 150.00),
(29, 'Natalia Gomez Ramirez', 150.00),
(30, 'Marcos Ramirez Martinez', 150.00),
(31, 'Rocio Perez Sanchez', 150.00),
(32, 'Sergio Fernandez Gomez', 150.00),
(33, 'Marta Lopez Fernandez', 150.00),
(34, 'Alberto Rodriguez Perez', 150.00),
(35, 'Lidia Gomez Ramirez', 150.00),
(36, 'Raúl Perez López', 150.00),
(37, 'Beatriz López Fernández', 150.00),
(38, 'Iván Martínez Gómez', 150.00),
(39, 'Eva García Martínez', 150.00),
(40, 'Adrián Gómez López', 150.00),
(41, 'Silvia Ramírez Fernández', 150.00),
(42, 'Óscar Martínez Pérez', 150.00),
(43, 'Elena López Martínez', 150.00),
(44, 'Rubén Rodríguez Gómez', 150.00),
(45, 'Cristina Gómez Ramírez', 150.00),
(46, 'Hugo López Pérez', 150.00),
(47, 'Inés Rodríguez López', 150.00),
(48, 'Lucía Ramírez Gómez', 150.00),
(49, 'Mateo López Ramírez', 150.00),
(50, 'Gloria Pérez López', 150.00);

-- --------------------------------------------------------

--
-- Estructura de tabla para la tabla `venta_hechos`
--

CREATE TABLE `venta_hechos` (
  `venta_id` int(11) NOT NULL,
  `fecha_id` int(11) DEFAULT NULL,
  `producto_id` int(11) DEFAULT NULL,
  `cliente_id` int(11) DEFAULT NULL,
  `vendedor_id` int(11) DEFAULT NULL,
  `cantidad_vendida` int(11) DEFAULT NULL,
  `monto_vendido` decimal(10,2) DEFAULT NULL,
  `comision_vendedor` decimal(10,2) DEFAULT NULL,
  `tipo_pago` varchar(50) DEFAULT NULL,
  `metodo_entrega` varchar(50) DEFAULT NULL,
  `ubicacion_venta` varchar(100) DEFAULT NULL
) ENGINE=InnoDB DEFAULT CHARSET=utf8mb4 COLLATE=utf8mb4_general_ci;

--
-- Volcado de datos para la tabla `venta_hechos`
--

INSERT INTO `venta_hechos` (`venta_id`, `fecha_id`, `producto_id`, `cliente_id`, `vendedor_id`, `cantidad_vendida`, `monto_vendido`, `comision_vendedor`, `tipo_pago`, `metodo_entrega`, `ubicacion_venta`) VALUES
(1, 1, 1, 12, 30, 5, 120.00, 12.00, 'Efectivo', 'En tienda', 'Ciudad de México'),
(2, 2, 2, 23, 49, 3, 75.75, 7.58, 'Tarjeta de crédito', 'Entrega a domicilio', 'Bogotá'),
(3, 3, 3, 42, 16, 4, 90.50, 9.05, 'Transferencia bancaria', 'En tienda', 'Buenos Aires'),
(4, 4, 1, 7, 41, 2, 55.00, 5.50, 'Efectivo', 'Entrega a domicilio', 'Monterrey'),
(5, 5, 2, 33, 25, 1, 30.50, 3.05, 'Tarjeta de débito', 'En tienda', 'Medellín'),
(6, 6, 3, 18, 12, 6, 135.00, 13.50, 'PayPal', 'Entrega a domicilio', 'Córdoba'),
(7, 7, 1, 49, 6, 5, 110.50, 11.05, 'Efectivo', 'En tienda', 'Guadalajara'),
(8, 8, 2, 5, 38, 4, 105.00, 10.50, 'Tarjeta de crédito', 'Entrega a domicilio', 'Cartagena'),
(9, 9, 3, 30, 1, 2, 65.50, 6.55, 'Transferencia bancaria', 'En tienda', 'Rosario'),
(10, 10, 1, 10, 19, 3, 80.00, 8.00, 'Efectivo', 'Entrega a domicilio', 'Monterrey'),
(11, 11, 2, 29, 50, 4, 100.75, 10.08, 'Tarjeta de crédito', 'Entrega a domicilio', 'Ciudad de México'),
(12, 12, 3, 14, 3, 5, 125.00, 12.50, 'Transferencia bancaria', 'En tienda', 'Bogotá'),
(13, 13, 1, 23, 45, 2, 60.50, 6.05, 'Efectivo', 'Entrega a domicilio', 'Buenos Aires'),
(14, 14, 2, 8, 21, 3, 85.75, 8.58, 'Tarjeta de crédito', 'Entrega a domicilio', 'Monterrey'),
(15, 15, 3, 48, 39, 1, 35.00, 3.50, 'PayPal', 'Entrega a domicilio', 'Medellín'),
(16, 16, 1, 4, 17, 4, 110.00, 11.00, 'Efectivo', 'En tienda', 'Córdoba'),
(17, 17, 2, 37, 33, 5, 115.50, 11.55, 'Tarjeta de débito', 'En tienda', 'Guadalajara'),
(18, 18, 3, 20, 2, 2, 70.00, 7.00, 'Transferencia bancaria', 'En tienda', 'Cartagena'),
(19, 19, 1, 47, 26, 3, 85.75, 8.58, 'Efectivo', 'Entrega a domicilio', 'Rosario'),
(20, 20, 2, 15, 8, 4, 100.00, 10.00, 'Tarjeta de crédito', 'Entrega a domicilio', 'Monterrey'),
(21, 21, 3, 36, 28, 5, 125.00, 12.50, 'PayPal', 'Entrega a domicilio', 'Ciudad de México'),
(22, 22, 1, 1, 14, 3, 80.50, 8.05, 'Efectivo', 'En tienda', 'Bogotá'),
(23, 23, 2, 24, 40, 4, 95.75, 9.58, 'Tarjeta de crédito', 'Entrega a domicilio', 'Buenos Aires'),
(24, 24, 3, 35, 10, 1, 30.00, 3.00, 'Transferencia bancaria', 'En tienda', 'Monterrey'),
(25, 25, 1, 21, 44, 2, 65.50, 6.55, 'Efectivo', 'Entrega a domicilio', 'Medellín'),
(26, 26, 2, 9, 27, 5, 110.00, 11.00, 'Tarjeta de débito', 'En tienda', 'Córdoba'),
(27, 27, 3, 44, 48, 3, 75.75, 7.58, 'PayPal', 'Entrega a domicilio', 'Guadalajara'),
(28, 28, 1, 13, 34, 4, 95.00, 9.50, 'Efectivo', 'En tienda', 'Cartagena'),
(29, 29, 2, 32, 7, 2, 60.50, 6.05, 'Tarjeta de crédito', 'Entrega a domicilio', 'Rosario'),
(30, 30, 3, 50, 15, 3, 85.00, 8.50, 'Transferencia bancaria', 'En tienda', 'Monterrey'),
(31, 31, 1, 19, 11, 2, 65.50, 6.55, 'Efectivo', 'Entrega a domicilio', 'Ciudad de México'),
(32, 32, 2, 38, 35, 3, 80.00, 8.00, 'Tarjeta de crédito', 'Entrega a domicilio', 'Bogotá'),
(33, 33, 3, 9, 13, 4, 95.50, 9.55, 'PayPal', 'Entrega a domicilio', 'Buenos Aires'),
(34, 34, 1, 37, 43, 5, 110.50, 11.05, 'Efectivo', 'En tienda', 'Monterrey'),
(35, 35, 2, 24, 31, 1, 35.00, 3.50, 'Tarjeta de débito', 'En tienda', 'Medellín'),
(36, 36, 3, 43, 22, 3, 75.75, 7.58, 'Transferencia bancaria', 'En tienda', 'Córdoba'),
(37, 37, 1, 8, 47, 4, 90.00, 9.00, 'Efectivo', 'Entrega a domicilio', 'Guadalajara'),
(38, 38, 2, 33, 16, 5, 105.50, 10.55, 'Tarjeta de crédito', 'Entrega a domicilio', 'Cartagena'),
(39, 39, 3, 48, 4, 2, 60.50, 6.05, 'PayPal', 'Entrega a domicilio', 'Rosario'),
(40, 40, 1, 16, 29, 3, 85.00, 8.50, 'Efectivo', 'En tienda', 'Monterrey'),
(41, 41, 2, 27, 1, 4, 100.00, 10.00, 'Tarjeta de crédito', 'Entrega a domicilio', 'Ciudad de México'),
(42, 42, 3, 46, 36, 5, 115.50, 11.55, 'Transferencia bancaria', 'En tienda', 'Bogotá'),
(43, 43, 1, 3, 18, 1, 30.50, 3.05, 'Efectivo', 'Entrega a domicilio', 'Buenos Aires'),
(44, 44, 2, 42, 48, 2, 65.50, 6.55, 'Tarjeta de débito', 'En tienda', 'Monterrey'),
(45, 45, 3, 31, 9, 3, 80.75, 8.08, 'PayPal', 'Entrega a domicilio', 'Medellín'),
(46, 46, 1, 18, 26, 4, 95.00, 9.50, 'Efectivo', 'En tienda', 'Córdoba'),
(47, 47, 2, 37, 15, 5, 110.50, 11.05, 'Tarjeta de crédito', 'Entrega a domicilio', 'Guadalajara'),
(48, 48, 3, 26, 42, 2, 55.50, 5.55, 'Transferencia bancaria', 'En tienda', 'Cartagena'),
(49, 49, 1, 13, 7, 3, 80.75, 8.08, 'Efectivo', 'Entrega a domicilio', 'Rosario'),
(50, 50, 2, 22, 34, 4, 95.00, 9.50, 'Tarjeta de crédito', 'Entrega a domicilio', 'Monterrey'),
(51, 51, 3, 41, 21, 5, 110.50, 11.05, 'PayPal', 'Entrega a domicilio', 'Ciudad de México'),
(52, 52, 1, 6, 50, 1, 35.00, 3.50, 'Efectivo', 'En tienda', 'Bogotá'),
(53, 53, 2, 45, 28, 2, 65.50, 6.55, 'Tarjeta de débito', 'En tienda', 'Buenos Aires'),
(54, 54, 3, 32, 5, 3, 80.75, 8.08, 'Transferencia bancaria', 'En tienda', 'Monterrey'),
(55, 55, 1, 20, 37, 4, 95.00, 9.50, 'Efectivo', 'Entrega a domicilio', 'Medellín'),
(56, 56, 2, 39, 23, 5, 110.50, 11.05, 'Tarjeta de crédito', 'Entrega a domicilio', 'Córdoba'),
(57, 57, 3, 5, 40, 2, 55.50, 5.55, 'PayPal', 'Entrega a domicilio', 'Guadalajara'),
(58, 58, 1, 36, 12, 3, 80.75, 8.08, 'Efectivo', 'En tienda', 'Cartagena'),
(59, 59, 2, 15, 48, 4, 95.00, 9.50, 'Tarjeta de crédito', 'Entrega a domicilio', 'Rosario'),
(60, 60, 3, 44, 29, 5, 110.50, 11.05, 'Transferencia bancaria', 'En tienda', 'Monterrey'),
(61, 61, 1, 21, 14, 1, 30.50, 3.05, 'Efectivo', 'Entrega a domicilio', 'Ciudad de México'),
(62, 62, 2, 8, 33, 2, 65.50, 6.55, 'Tarjeta de crédito', 'Entrega a domicilio', 'Bogotá'),
(63, 63, 3, 47, 17, 3, 80.75, 8.08, 'PayPal', 'Entrega a domicilio', 'Buenos Aires'),
(64, 64, 1, 17, 45, 4, 95.00, 9.50, 'Efectivo', 'En tienda', 'Monterrey'),
(65, 65, 2, 34, 27, 5, 110.50, 11.05, 'Tarjeta de crédito', 'Entrega a domicilio', 'Medellín'),
(66, 66, 3, 4, 3, 2, 55.50, 5.55, 'Transferencia bancaria', 'En tienda', 'Córdoba'),
(67, 67, 1, 38, 49, 3, 80.75, 8.08, 'Efectivo', 'Entrega a domicilio', 'Guadalajara'),
(68, 68, 2, 25, 19, 4, 95.00, 9.50, 'Tarjeta de crédito', 'Entrega a domicilio', 'Cartagena'),
(69, 69, 3, 9, 46, 5, 110.50, 11.05, 'PayPal', 'Entrega a domicilio', 'Rosario'),
(70, 70, 1, 14, 32, 1, 35.00, 3.50, 'Efectivo', 'En tienda', 'Monterrey'),
(71, 71, 2, 43, 11, 2, 65.50, 6.55, 'Tarjeta de crédito', 'Entrega a domicilio', 'Ciudad de México'),
(72, 72, 3, 30, 38, 3, 80.75, 8.08, 'Transferencia bancaria', 'En tienda', 'Bogotá'),
(73, 73, 1, 19, 25, 4, 95.00, 9.50, 'Efectivo', 'En tienda', 'Buenos Aires'),
(74, 74, 2, 36, 7, 5, 110.50, 11.05, 'Tarjeta de crédito', 'Entrega a domicilio', 'Monterrey'),
(75, 75, 3, 7, 44, 2, 55.50, 5.55, 'PayPal', 'Entrega a domicilio', 'Medellín'),
(76, 76, 1, 47, 20, 3, 80.75, 8.08, 'Efectivo', 'En tienda', 'Córdoba'),
(77, 77, 2, 24, 48, 4, 95.00, 9.50, 'Tarjeta de crédito', 'Entrega a domicilio', 'Guadalajara'),
(78, 78, 3, 6, 29, 5, 110.50, 11.05, 'Transferencia bancaria', 'En tienda', 'Cartagena'),
(79, 79, 1, 13, 6, 1, 35.00, 3.50, 'Efectivo', 'Entrega a domicilio', 'Rosario'),
(80, 80, 2, 32, 50, 2, 65.50, 6.55, 'Tarjeta de crédito', 'Entrega a domicilio', 'Monterrey'),
(81, 81, 3, 22, 1, 3, 80.75, 8.08, 'PayPal', 'Entrega a domicilio', 'Ciudad de México'),
(82, 82, 1, 41, 34, 4, 95.00, 9.50, 'Efectivo', 'En tienda', 'Bogotá'),
(83, 83, 2, 2, 22, 5, 110.50, 11.05, 'Tarjeta de crédito', 'Entrega a domicilio', 'Buenos Aires'),
(84, 84, 3, 21, 36, 2, 55.50, 5.55, 'Transferencia bancaria', 'En tienda', 'Monterrey'),
(85, 85, 1, 33, 15, 3, 80.75, 8.08, 'Efectivo', 'Entrega a domicilio', 'Medellín'),
(86, 86, 2, 45, 3, 4, 95.00, 9.50, 'Tarjeta de crédito', 'Entrega a domicilio', 'Córdoba'),
(87, 87, 3, 35, 42, 5, 110.50, 11.05, 'PayPal', 'Entrega a domicilio', 'Guadalajara'),
(88, 88, 1, 5, 29, 1, 35.00, 3.50, 'Efectivo', 'En tienda', 'Cartagena'),
(89, 89, 2, 39, 7, 2, 65.50, 6.55, 'Tarjeta de crédito', 'Entrega a domicilio', 'Rosario'),
(90, 90, 3, 28, 44, 3, 80.75, 8.08, 'Transferencia bancaria', 'En tienda', 'Monterrey'),
(91, 91, 1, 11, 6, 4, 95.00, 9.50, 'Efectivo', 'En tienda', 'Ciudad de México'),
(92, 92, 2, 18, 50, 5, 110.50, 11.05, 'Tarjeta de crédito', 'Entrega a domicilio', 'Bogotá'),
(93, 93, 3, 37, 14, 2, 55.50, 5.55, 'PayPal', 'Entrega a domicilio', 'Buenos Aires'),
(94, 94, 1, 26, 35, 3, 80.75, 8.08, 'Efectivo', 'Entrega a domicilio', 'Monterrey'),
(95, 95, 2, 43, 23, 4, 95.00, 9.50, 'Tarjeta de crédito', 'Entrega a domicilio', 'Medellín'),
(96, 96, 3, 12, 38, 5, 110.50, 11.05, 'Transferencia bancaria', 'En tienda', 'Córdoba'),
(97, 97, 1, 30, 8, 1, 35.00, 3.50, 'Efectivo', 'En tienda', 'Guadalajara'),
(98, 98, 2, 27, 48, 2, 65.50, 6.55, 'Tarjeta de crédito', 'Entrega a domicilio', 'Cartagena'),
(99, 99, 3, 16, 29, 3, 80.75, 8.08, 'PayPal', 'Entrega a domicilio', 'Rosario'),
(100, 100, 1, 5, 46, 4, 95.00, 9.50, 'Efectivo', 'En tienda', 'Monterrey'),
(101, 101, 2, 38, 3, 5, 110.50, 11.05, 'Tarjeta de crédito', 'Entrega a domicilio', 'Monterrey'),
(102, 102, 3, 7, 46, 2, 55.50, 5.55, 'PayPal', 'Entrega a domicilio', 'Rosario'),
(103, 103, 1, 44, 22, 3, 80.75, 8.08, 'Efectivo', 'Entrega a domicilio', 'Medellín'),
(104, 104, 2, 29, 48, 4, 95.00, 9.50, 'Tarjeta de crédito', 'Entrega a domicilio', 'Monterrey'),
(105, 105, 3, 11, 16, 5, 110.50, 11.05, 'PayPal', 'Entrega a domicilio', 'Bogotá'),
(106, 106, 1, 17, 6, 1, 35.00, 3.50, 'Efectivo', 'En tienda', 'Ciudad de México'),
(107, 107, 2, 46, 30, 2, 65.50, 6.55, 'Tarjeta de crédito', 'Entrega a domicilio', 'Rosario'),
(108, 108, 3, 33, 42, 3, 80.75, 8.08, 'Efectivo', 'Entrega a domicilio', 'Medellín'),
(109, 109, 1, 22, 27, 4, 95.00, 9.50, 'PayPal', 'Entrega a domicilio', 'Monterrey'),
(110, 110, 2, 39, 10, 5, 110.50, 11.05, 'Tarjeta de crédito', 'Entrega a domicilio', 'Bogotá'),
(111, 111, 3, 8, 38, 2, 55.50, 5.55, 'Efectivo', 'En tienda', 'Rosario'),
(112, 112, 1, 45, 2, 3, 80.75, 8.08, 'Efectivo', 'Entrega a domicilio', 'Medellín'),
(113, 113, 2, 30, 44, 4, 95.00, 9.50, 'Tarjeta de crédito', 'Entrega a domicilio', 'Monterrey'),
(114, 114, 3, 12, 17, 5, 110.50, 11.05, 'PayPal', 'Entrega a domicilio', 'Bogotá'),
(115, 115, 1, 18, 7, 1, 35.00, 3.50, 'Efectivo', 'En tienda', 'Ciudad de México'),
(116, 116, 2, 47, 31, 2, 65.50, 6.55, 'Tarjeta de crédito', 'Entrega a domicilio', 'Rosario'),
(117, 117, 3, 34, 49, 3, 80.75, 8.08, 'Efectivo', 'Entrega a domicilio', 'Medellín'),
(118, 118, 1, 23, 23, 4, 95.00, 9.50, 'PayPal', 'Entrega a domicilio', 'Monterrey'),
(119, 119, 2, 40, 12, 5, 110.50, 11.05, 'Tarjeta de crédito', 'Entrega a domicilio', 'Bogotá'),
(120, 120, 3, 9, 39, 2, 55.50, 5.55, 'Efectivo', 'En tienda', 'Rosario'),
(121, 121, 1, 47, 3, 3, 80.75, 8.08, 'Efectivo', 'Entrega a domicilio', 'Medellín'),
(122, 122, 2, 32, 37, 4, 95.00, 9.50, 'Tarjeta de crédito', 'Entrega a domicilio', 'Monterrey'),
(123, 123, 3, 11, 16, 5, 110.50, 11.05, 'PayPal', 'Entrega a domicilio', 'Bogotá'),
(124, 124, 1, 17, 6, 1, 35.00, 3.50, 'Efectivo', 'En tienda', 'Ciudad de México'),
(125, 125, 2, 46, 30, 2, 65.50, 6.55, 'Tarjeta de crédito', 'Entrega a domicilio', 'Rosario'),
(126, 126, 3, 33, 42, 3, 80.75, 8.08, 'Efectivo', 'Entrega a domicilio', 'Medellín'),
(127, 127, 1, 22, 27, 4, 95.00, 9.50, 'PayPal', 'Entrega a domicilio', 'Monterrey'),
(128, 128, 2, 39, 10, 5, 110.50, 11.05, 'Tarjeta de crédito', 'Entrega a domicilio', 'Bogotá'),
(129, 129, 3, 8, 38, 2, 55.50, 5.55, 'Efectivo', 'En tienda', 'Rosario'),
(130, 130, 1, 45, 2, 3, 80.75, 8.08, 'Efectivo', 'Entrega a domicilio', 'Medellín'),
(131, 131, 2, 30, 44, 4, 95.00, 9.50, 'Tarjeta de crédito', 'Entrega a domicilio', 'Monterrey'),
(132, 132, 3, 12, 17, 5, 110.50, 11.05, 'PayPal', 'Entrega a domicilio', 'Bogotá'),
(133, 133, 1, 18, 7, 1, 35.00, 3.50, 'Efectivo', 'En tienda', 'Ciudad de México'),
(134, 134, 2, 47, 31, 2, 65.50, 6.55, 'Tarjeta de crédito', 'Entrega a domicilio', 'Rosario'),
(135, 135, 3, 34, 49, 3, 80.75, 8.08, 'Efectivo', 'Entrega a domicilio', 'Medellín'),
(136, 136, 1, 23, 23, 4, 95.00, 9.50, 'PayPal', 'Entrega a domicilio', 'Monterrey'),
(137, 137, 2, 40, 12, 5, 110.50, 11.05, 'Tarjeta de crédito', 'Entrega a domicilio', 'Bogotá'),
(138, 138, 3, 9, 39, 2, 55.50, 5.55, 'Efectivo', 'En tienda', 'Rosario'),
(139, 139, 1, 48, 4, 3, 80.75, 8.08, 'Efectivo', 'Entrega a domicilio', 'Medellín'),
(140, 140, 2, 31, 35, 4, 95.00, 9.50, 'PayPal', 'Entrega a domicilio', 'Monterrey'),
(141, 141, 3, 13, 18, 5, 110.50, 11.05, 'Tarjeta de crédito', 'Entrega a domicilio', 'Bogotá'),
(142, 142, 1, 19, 8, 1, 35.00, 3.50, 'Efectivo', 'En tienda', 'Ciudad de México'),
(143, 143, 2, 48, 32, 2, 65.50, 6.55, 'Tarjeta de crédito', 'Entrega a domicilio', 'Rosario'),
(144, 144, 3, 35, 50, 3, 80.75, 8.08, 'Efectivo', 'Entrega a domicilio', 'Medellín'),
(145, 145, 1, 24, 24, 4, 95.00, 9.50, 'PayPal', 'Entrega a domicilio', 'Monterrey'),
(146, 146, 2, 41, 13, 5, 110.50, 11.05, 'Tarjeta de crédito', 'Entrega a domicilio', 'Bogotá'),
(147, 147, 3, 10, 40, 2, 55.50, 5.55, 'Efectivo', 'En tienda', 'Rosario'),
(148, 148, 1, 49, 5, 3, 80.75, 8.08, 'Efectivo', 'Entrega a domicilio', 'Medellín'),
(149, 149, 2, 28, 1, 4, 95.00, 9.50, 'PayPal', 'Entrega a domicilio', 'Monterrey'),
(150, 150, 3, 14, 19, 5, 110.50, 11.05, 'Tarjeta de crédito', 'Entrega a domicilio', 'Bogotá'),
(151, 151, 1, 25, 25, 1, 35.00, 3.50, 'Efectivo', 'En tienda', 'Ciudad de México'),
(152, 152, 2, 42, 14, 2, 65.50, 6.55, 'Tarjeta de crédito', 'Entrega a domicilio', 'Rosario'),
(153, 153, 3, 11, 41, 3, 80.75, 8.08, 'Efectivo', 'Entrega a domicilio', 'Medellín'),
(154, 154, 1, 50, 6, 4, 95.00, 9.50, 'PayPal', 'Entrega a domicilio', 'Monterrey'),
(155, 155, 2, 29, 2, 5, 110.50, 11.05, 'Tarjeta de crédito', 'Entrega a domicilio', 'Bogotá'),
(156, 156, 3, 15, 20, 1, 35.00, 3.50, 'Efectivo', 'En tienda', 'Ciudad de México'),
(157, 157, 1, 26, 26, 2, 65.50, 6.55, 'Tarjeta de crédito', 'Entrega a domicilio', 'Rosario'),
(158, 158, 2, 43, 15, 3, 80.75, 8.08, 'Efectivo', 'Entrega a domicilio', 'Medellín'),
(159, 159, 3, 12, 42, 4, 95.00, 9.50, 'PayPal', 'Entrega a domicilio', 'Monterrey'),
(160, 160, 1, 1, 7, 5, 110.50, 11.05, 'Tarjeta de crédito', 'Entrega a domicilio', 'Bogotá'),
(161, 161, 2, 30, 3, 1, 35.00, 3.50, 'Efectivo', 'En tienda', 'Ciudad de México'),
(162, 162, 3, 16, 21, 2, 65.50, 6.55, 'Tarjeta de crédito', 'Entrega a domicilio', 'Rosario'),
(163, 163, 1, 27, 27, 3, 80.75, 8.08, 'Efectivo', 'Entrega a domicilio', 'Medellín'),
(164, 164, 2, 44, 16, 4, 95.00, 9.50, 'PayPal', 'Entrega a domicilio', 'Monterrey'),
(165, 165, 3, 13, 43, 5, 110.50, 11.05, 'Tarjeta de crédito', 'Entrega a domicilio', 'Bogotá'),
(166, 166, 1, 2, 8, 1, 35.00, 3.50, 'Efectivo', 'En tienda', 'Ciudad de México'),
(167, 167, 2, 31, 4, 2, 65.50, 6.55, 'Tarjeta de crédito', 'Entrega a domicilio', 'Rosario'),
(168, 168, 3, 17, 22, 3, 80.75, 8.08, 'Efectivo', 'Entrega a domicilio', 'Medellín'),
(169, 169, 1, 28, 28, 4, 95.00, 9.50, 'PayPal', 'Entrega a domicilio', 'Monterrey'),
(170, 170, 2, 45, 17, 5, 110.50, 11.05, 'Tarjeta de crédito', 'Entrega a domicilio', 'Bogotá'),
(171, 171, 3, 14, 44, 1, 35.00, 3.50, 'Efectivo', 'En tienda', 'Ciudad de México'),
(172, 172, 1, 3, 9, 2, 65.50, 6.55, 'Tarjeta de crédito', 'Entrega a domicilio', 'Rosario'),
(173, 173, 2, 32, 5, 3, 80.75, 8.08, 'Efectivo', 'Entrega a domicilio', 'Medellín'),
(174, 174, 3, 18, 23, 4, 95.00, 9.50, 'PayPal', 'Entrega a domicilio', 'Monterrey'),
(175, 175, 1, 29, 29, 5, 110.50, 11.05, 'Tarjeta de crédito', 'Entrega a domicilio', 'Bogotá'),
(176, 176, 2, 46, 18, 1, 35.00, 3.50, 'Efectivo', 'En tienda', 'Ciudad de México'),
(177, 177, 3, 15, 45, 2, 65.50, 6.55, 'Tarjeta de crédito', 'Entrega a domicilio', 'Rosario'),
(178, 178, 1, 4, 10, 3, 80.75, 8.08, 'Efectivo', 'Entrega a domicilio', 'Medellín'),
(179, 179, 2, 33, 6, 4, 95.00, 9.50, 'PayPal', 'Entrega a domicilio', 'Monterrey'),
(180, 180, 3, 19, 24, 5, 110.50, 11.05, 'Tarjeta de crédito', 'Entrega a domicilio', 'Bogotá'),
(181, 181, 1, 30, 30, 1, 35.00, 3.50, 'Efectivo', 'En tienda', 'Bogotá'),
(182, 182, 2, 47, 19, 2, 65.50, 6.55, 'Tarjeta de crédito', 'Entrega a domicilio', 'Rosario'),
(183, 183, 3, 16, 46, 3, 80.75, 8.08, 'Efectivo', 'Entrega a domicilio', 'Medellín'),
(184, 184, 1, 5, 11, 4, 95.00, 9.50, 'PayPal', 'Entrega a domicilio', 'Monterrey'),
(185, 185, 2, 34, 7, 5, 110.50, 11.05, 'Tarjeta de crédito', 'Entrega a domicilio', 'Bogotá'),
(186, 186, 3, 20, 25, 1, 35.00, 3.50, 'Efectivo', 'En tienda', 'Monterrey'),
(187, 187, 1, 31, 31, 2, 65.50, 6.55, 'Tarjeta de crédito', 'Entrega a domicilio', 'Rosario'),
(188, 188, 2, 48, 20, 3, 80.75, 8.08, 'Efectivo', 'Entrega a domicilio', 'Medellín'),
(189, 189, 3, 17, 47, 4, 95.00, 9.50, 'PayPal', 'Entrega a domicilio', 'Monterrey'),
(190, 190, 1, 6, 12, 5, 110.50, 11.05, 'Tarjeta de crédito', 'Entrega a domicilio', 'Bogotá'),
(191, 191, 2, 35, 8, 1, 35.00, 3.50, 'Efectivo', 'En tienda', 'Monterrey'),
(192, 192, 3, 21, 26, 2, 65.50, 6.55, 'Tarjeta de crédito', 'Entrega a domicilio', 'Rosario'),
(193, 193, 1, 32, 32, 3, 80.75, 8.08, 'Efectivo', 'Entrega a domicilio', 'Medellín'),
(194, 194, 2, 49, 21, 4, 95.00, 9.50, 'PayPal', 'Entrega a domicilio', 'Monterrey'),
(195, 195, 3, 18, 48, 5, 110.50, 11.05, 'Tarjeta de crédito', 'Entrega a domicilio', 'Bogotá'),
(196, 196, 1, 7, 13, 1, 35.00, 3.50, 'Efectivo', 'En tienda', 'Monterrey'),
(197, 197, 2, 36, 9, 2, 65.50, 6.55, 'Tarjeta de crédito', 'Entrega a domicilio', 'Rosario'),
(198, 198, 3, 22, 27, 3, 80.75, 8.08, 'Efectivo', 'Entrega a domicilio', 'Medellín'),
(199, 199, 1, 33, 33, 4, 95.00, 9.50, 'PayPal', 'Entrega a domicilio', 'Monterrey'),
(200, 200, 2, 50, 22, 5, 110.50, 11.05, 'Tarjeta de crédito', 'Entrega a domicilio', 'Bogotá'),
(201, 23, 4, 18, 7, 3, 75.75, 7.58, 'Efectivo', 'Entrega a domicilio', 'Ciudad de México'),
(202, 89, 10, 29, 2, 5, 110.50, 11.05, 'Tarjeta de crédito', 'Entrega a domicilio', 'Bogotá'),
(203, 177, 25, 43, 35, 2, 50.50, 5.05, 'Efectivo', 'Entrega a domicilio', 'Medellín'),
(204, 36, 9, 32, 17, 4, 90.25, 9.03, 'PayPal', 'Entrega a domicilio', 'Monterrey'),
(205, 112, 6, 19, 44, 1, 30.50, 3.05, 'Tarjeta de crédito', 'Entrega a domicilio', 'Bogotá'),
(206, 5, 45, 26, 3, 3, 75.75, 7.58, 'Efectivo', 'Entrega a domicilio', 'Medellín'),
(207, 198, 23, 13, 40, 6, 150.60, 15.06, 'PayPal', 'Entrega a domicilio', 'Monterrey'),
(208, 72, 36, 42, 15, 5, 120.00, 12.00, 'Tarjeta de crédito', 'Entrega a domicilio', 'Bogotá'),
(209, 127, 3, 11, 22, 4, 90.00, 9.00, 'Efectivo', 'Entrega a domicilio', 'Ciudad de México'),
(210, 95, 50, 20, 5, 2, 45.00, 4.50, 'PayPal', 'Entrega a domicilio', 'Bogotá'),
(211, 156, 17, 47, 39, 3, 70.25, 7.03, 'Tarjeta de crédito', 'Entrega a domicilio', 'Medellín'),
(212, 103, 16, 2, 25, 1, 28.25, 2.83, 'Efectivo', 'Entrega a domicilio', 'Rosario'),
(213, 81, 28, 4, 18, 5, 110.50, 11.05, 'PayPal', 'Entrega a domicilio', 'Monterrey'),
(214, 118, 13, 34, 13, 6, 150.60, 15.06, 'Tarjeta de crédito', 'Entrega a domicilio', 'Bogotá'),
(215, 167, 33, 46, 28, 4, 90.25, 9.03, 'Efectivo', 'Entrega a domicilio', 'Medellín'),
(216, 65, 43, 22, 47, 2, 60.00, 6.00, 'PayPal', 'Entrega a domicilio', 'Ciudad de México'),
(217, 41, 20, 27, 1, 3, 75.75, 7.58, 'Tarjeta de crédito', 'Entrega a domicilio', 'Monterrey'),
(218, 174, 30, 7, 30, 1, 28.25, 2.83, 'Efectivo', 'En tienda', 'Monterrey'),
(219, 186, 48, 12, 23, 4, 90.00, 9.00, 'PayPal', 'Entrega a domicilio', 'Rosario'),
(220, 51, 26, 41, 36, 2, 45.00, 4.50, 'Tarjeta de crédito', 'Entrega a domicilio', 'Medellín'),
(221, 140, 32, 38, 48, 6, 150.60, 15.06, 'Efectivo', 'Entrega a domicilio', 'Monterrey'),
(222, 17, 46, 14, 29, 5, 120.00, 12.00, 'PayPal', 'Entrega a domicilio', 'Bogotá'),
(223, 176, 5, 23, 42, 3, 75.75, 7.58, 'Tarjeta de crédito', 'Entrega a domicilio', 'Ciudad de México'),
(224, 64, 12, 30, 6, 1, 30.50, 3.05, 'Efectivo', 'Entrega a domicilio', 'Rosario'),
(225, 195, 47, 8, 38, 4, 90.25, 9.03, 'PayPal', 'Entrega a domicilio', 'Monterrey'),
(226, 31, 19, 44, 14, 2, 50.50, 5.05, 'Tarjeta de crédito', 'Entrega a domicilio', 'Bogotá'),
(227, 198, 22, 39, 49, 5, 110.50, 11.05, 'Efectivo', 'Entrega a domicilio', 'Medellín'),
(228, 188, 27, 21, 24, 6, 150.60, 15.06, 'PayPal', 'Entrega a domicilio', 'Monterrey'),
(229, 116, 11, 1, 11, 3, 75.75, 7.58, 'Tarjeta de crédito', 'Entrega a domicilio', 'Bogotá'),
(230, 83, 42, 49, 9, 2, 60.00, 6.00, 'Efectivo', 'Entrega a domicilio', 'Ciudad de México'),
(231, 32, 37, 15, 26, 1, 28.25, 2.83, 'PayPal', 'Entrega a domicilio', 'Rosario'),
(232, 179, 31, 10, 31, 4, 90.00, 9.00, 'Tarjeta de crédito', 'Entrega a domicilio', 'Monterrey'),
(233, 187, 24, 33, 4, 5, 120.00, 12.00, 'Efectivo', 'Entrega a domicilio', 'Bogotá'),
(234, 67, 15, 37, 16, 3, 75.75, 7.58, 'PayPal', 'Entrega a domicilio', 'Medellín'),
(235, 48, 2, 5, 33, 2, 45.00, 4.50, 'Tarjeta de crédito', 'Entrega a domicilio', 'Monterrey'),
(236, 110, 38, 50, 41, 4, 90.25, 9.03, 'Efectivo', 'Entrega a domicilio', 'Bogotá'),
(237, 88, 1, 35, 20, 1, 30.50, 3.05, 'PayPal', 'Entrega a domicilio', 'Medellín'),
(238, 10, 7, 40, 27, 6, 150.60, 15.06, 'Tarjeta de crédito', 'Entrega a domicilio', 'Monterrey'),
(239, 150, 29, 24, 46, 5, 110.50, 11.05, 'Efectivo', 'Entrega a domicilio', 'Bogotá'),
(240, 174, 21, 3, 2, 3, 75.75, 7.58, 'PayPal', 'Entrega a domicilio', 'Ciudad de México'),
(241, 30, 8, 36, 37, 2, 50.50, 5.05, 'Tarjeta de crédito', 'Entrega a domicilio', 'Monterrey'),
(242, 38, 39, 48, 48, 1, 28.25, 2.83, 'Efectivo', 'Entrega a domicilio', 'Bogotá'),
(243, 42, 35, 16, 35, 4, 90.00, 9.00, 'PayPal', 'Entrega a domicilio', 'Medellín'),
(244, 163, 14, 48, 10, 5, 120.00, 12.00, 'Tarjeta de crédito', 'Entrega a domicilio', 'Bogotá'),
(245, 75, 34, 45, 21, 3, 75.75, 7.58, 'Efectivo', 'Entrega a domicilio', 'Ciudad de México'),
(246, 104, 40, 31, 43, 2, 60.00, 6.00, 'PayPal', 'Entrega a domicilio', 'Monterrey'),
(247, 20, 41, 28, 32, 6, 150.60, 15.06, 'Tarjeta de crédito', 'Entrega a domicilio', 'Bogotá'),
(248, 139, 44, 9, 15, 5, 110.50, 11.05, 'Efectivo', 'Entrega a domicilio', 'Medellín'),
(249, 195, 49, 17, 45, 2, 45.00, 4.50, 'PayPal', 'Entrega a domicilio', 'Monterrey'),
(250, 93, 18, 6, 19, 4, 90.25, 9.03, 'Tarjeta de crédito', 'Entrega a domicilio', 'Bogotá'),
(251, 156, 3, 25, 37, 3, 70.25, 7.03, 'Efectivo', 'Entrega a domicilio', 'Medellín'),
(252, 178, 25, 1, 43, 2, 50.50, 5.05, 'PayPal', 'Entrega a domicilio', 'Monterrey'),
(253, 29, 10, 22, 30, 5, 110.50, 11.05, 'PayPal', 'Entrega a domicilio', 'Monterrey'),
(254, 61, 17, 42, 7, 6, 150.60, 15.06, 'Tarjeta de crédito', 'Entrega a domicilio', 'Bogotá'),
(255, 87, 26, 29, 34, 1, 28.25, 2.83, 'Efectivo', 'Entrega a domicilio', 'Medellín'),
(256, 146, 43, 8, 13, 4, 90.00, 9.00, 'PayPal', 'Entrega a domicilio', 'Ciudad de México'),
(257, 119, 1, 20, 41, 5, 120.00, 12.00, 'Tarjeta de crédito', 'Entrega a domicilio', 'Bogotá'),
(258, 145, 30, 4, 27, 3, 75.75, 7.58, 'Efectivo', 'Entrega a domicilio', 'Medellín'),
(259, 92, 36, 39, 16, 2, 45.00, 4.50, 'PayPal', 'Entrega a domicilio', 'Ciudad de México'),
(260, 59, 46, 14, 1, 4, 90.25, 9.03, 'Tarjeta de crédito', 'Entrega a domicilio', 'Monterrey'),
(261, 86, 15, 35, 31, 1, 30.50, 3.05, 'Efectivo', 'Entrega a domicilio', 'Bogotá'),
(262, 183, 42, 48, 44, 6, 150.60, 15.06, 'PayPal', 'Entrega a domicilio', 'Medellín'),
(263, 76, 1, 3, 23, 5, 110.50, 11.05, 'Tarjeta de crédito', 'Entrega a domicilio', 'Ciudad de México'),
(264, 105, 23, 45, 40, 4, 90.00, 9.00, 'Efectivo', 'Entrega a domicilio', 'Bogotá'),
(265, 55, 13, 16, 9, 3, 70.25, 7.03, 'PayPal', 'Entrega a domicilio', 'Monterrey'),
(266, 166, 50, 49, 22, 2, 50.50, 5.05, 'Tarjeta de crédito', 'Entrega a domicilio', 'Bogotá'),
(267, 107, 19, 15, 38, 1, 28.25, 2.83, 'Efectivo', 'Entrega a domicilio', 'Medellín'),
(268, 168, 33, 10, 45, 4, 90.25, 9.03, 'PayPal', 'Entrega a domicilio', 'Ciudad de México'),
(269, 96, 16, 22, 2, 5, 120.00, 12.00, 'Tarjeta de crédito', 'Entrega a domicilio', 'Bogotá'),
(270, 102, 27, 33, 28, 6, 150.60, 15.06, 'Efectivo', 'Entrega a domicilio', 'Medellín'),
(271, 63, 32, 8, 47, 4, 90.00, 9.00, 'PayPal', 'Entrega a domicilio', 'Monterrey'),
(272, 35, 46, 42, 17, 3, 75.75, 7.58, 'Tarjeta de crédito', 'Entrega a domicilio', 'Bogotá'),
(273, 111, 7, 29, 43, 2, 45.00, 4.50, 'Efectivo', 'Entrega a domicilio', 'Medellín'),
(274, 22, 20, 20, 4, 5, 110.50, 11.05, 'PayPal', 'Entrega a domicilio', 'Ciudad de México'),
(275, 140, 28, 1, 35, 1, 30.50, 3.05, 'Tarjeta de crédito', 'Entrega a domicilio', 'Bogotá'),
(276, 66, 48, 35, 19, 4, 90.25, 9.03, 'Efectivo', 'Entrega a domicilio', 'Medellín'),
(277, 143, 39, 50, 1, 6, 150.60, 15.06, 'PayPal', 'Entrega a domicilio', 'Monterrey'),
(278, 92, 31, 25, 37, 5, 120.00, 12.00, 'Tarjeta de crédito', 'Entrega a domicilio', 'Bogotá'),
(279, 12, 42, 22, 10, 3, 75.75, 7.58, 'Efectivo', 'Entrega a domicilio', 'Medellín'),
(280, 7, 15, 4, 29, 2, 60.00, 6.00, 'PayPal', 'Entrega a domicilio', 'Ciudad de México'),
(281, 156, 26, 6, 46, 4, 90.00, 9.00, 'Tarjeta de crédito', 'Entrega a domicilio', 'Bogotá'),
(282, 197, 41, 19, 3, 5, 110.50, 11.05, 'Efectivo', 'Entrega a domicilio', 'Monterrey'),
(283, 84, 34, 42, 30, 6, 150.60, 15.06, 'PayPal', 'Entrega a domicilio', 'Bogotá'),
(284, 139, 3, 29, 38, 3, 75.75, 7.58, 'Tarjeta de crédito', 'Entrega a domicilio', 'Medellín'),
(285, 52, 9, 35, 16, 2, 45.00, 4.50, 'Efectivo', 'Entrega a domicilio', 'Ciudad de México'),
(286, 24, 50, 20, 24, 1, 30.50, 3.05, 'PayPal', 'Entrega a domicilio', 'Bogotá'),
(287, 33, 17, 4, 49, 4, 90.25, 9.03, 'Tarjeta de crédito', 'Entrega a domicilio', 'Medellín'),
(288, 57, 16, 22, 22, 5, 110.50, 11.05, 'Efectivo', 'Entrega a domicilio', 'Monterrey'),
(289, 74, 25, 35, 39, 6, 150.60, 15.06, 'PayPal', 'Entrega a domicilio', 'Bogotá'),
(290, 5, 35, 42, 17, 3, 75.75, 7.58, 'Tarjeta de crédito', 'Entrega a domicilio', 'Medellín'),
(291, 133, 4, 29, 43, 2, 50.50, 5.05, 'Efectivo', 'Entrega a domicilio', 'Ciudad de México'),
(292, 91, 18, 19, 2, 1, 28.25, 2.83, 'PayPal', 'Entrega a domicilio', 'Bogotá'),
(293, 84, 43, 35, 36, 5, 120.00, 12.00, 'Tarjeta de crédito', 'Entrega a domicilio', 'Medellín'),
(294, 48, 1, 20, 22, 3, 75.75, 7.58, 'Efectivo', 'Entrega a domicilio', 'Ciudad de México'),
(295, 22, 37, 22, 1, 2, 45.00, 4.50, 'PayPal', 'Entrega a domicilio', 'Monterrey'),
(296, 107, 26, 35, 35, 4, 90.25, 9.03, 'Tarjeta de crédito', 'Entrega a domicilio', 'Bogotá'),
(297, 195, 42, 29, 13, 6, 150.60, 15.06, 'Efectivo', 'Entrega a domicilio', 'Medellín'),
(298, 61, 5, 19, 30, 5, 110.50, 11.05, 'PayPal', 'Entrega a domicilio', 'Ciudad de México'),
(299, 126, 16, 35, 48, 4, 90.00, 9.00, 'Tarjeta de crédito', 'Entrega a domicilio', 'Bogotá'),
(300, 168, 31, 20, 8, 3, 70.25, 7.03, 'Efectivo', 'Entrega a domicilio', 'Medellín');

--
-- Índices para tablas volcadas
--

--
-- Indices de la tabla `dim_cliente`
--
ALTER TABLE `dim_cliente`
  ADD PRIMARY KEY (`cliente_id`);

--
-- Indices de la tabla `dim_fecha`
--
ALTER TABLE `dim_fecha`
  ADD PRIMARY KEY (`fecha_id`);

--
-- Indices de la tabla `dim_producto`
--
ALTER TABLE `dim_producto`
  ADD PRIMARY KEY (`producto_id`);

--
-- Indices de la tabla `dim_vendedor`
--
ALTER TABLE `dim_vendedor`
  ADD PRIMARY KEY (`vendedor_id`);

--
-- Indices de la tabla `venta_hechos`
--
ALTER TABLE `venta_hechos`
  ADD PRIMARY KEY (`venta_id`),
  ADD KEY `fecha_id` (`fecha_id`),
  ADD KEY `producto_id` (`producto_id`),
  ADD KEY `cliente_id` (`cliente_id`),
  ADD KEY `vendedor_id` (`vendedor_id`);

--
-- Restricciones para tablas volcadas
--

--
-- Filtros para la tabla `venta_hechos`
--
ALTER TABLE `venta_hechos`
  ADD CONSTRAINT `venta_hechos_ibfk_1` FOREIGN KEY (`fecha_id`) REFERENCES `dim_fecha` (`fecha_id`),
  ADD CONSTRAINT `venta_hechos_ibfk_2` FOREIGN KEY (`producto_id`) REFERENCES `dim_producto` (`producto_id`),
  ADD CONSTRAINT `venta_hechos_ibfk_3` FOREIGN KEY (`cliente_id`) REFERENCES `dim_cliente` (`cliente_id`),
  ADD CONSTRAINT `venta_hechos_ibfk_4` FOREIGN KEY (`vendedor_id`) REFERENCES `dim_vendedor` (`vendedor_id`);
COMMIT;

/*!40101 SET CHARACTER_SET_CLIENT=@OLD_CHARACTER_SET_CLIENT */;
/*!40101 SET CHARACTER_SET_RESULTS=@OLD_CHARACTER_SET_RESULTS */;
/*!40101 SET COLLATION_CONNECTION=@OLD_COLLATION_CONNECTION */;
